"ano","TBR"
2010,0.775032968901666
2019,0.81556375731312
2021,0.76954225183806
