"grupo_etario","ano","populacao","Freq","TFG"
"Total",2010,3074910,87476,28.4483123083277
"Total",2019,3539306,96112,27.1556062120653
"Total",2021,3636214,90961,25.0153043797752
