"ano","TLR"
2010,3.7634048894348
2019,3.97851572918602
2021,3.75773905865507
